Model,Accuracy,Precision,Recall,F1-Score,ROC-AUC,CV F1 (mean),CV F1 (std)
Decision Tree,1.0,1.0,1.0,1.0,1.0,1.0,0.0
Random Forest,1.0,1.0,1.0,1.0,1.0,1.0,0.0
Gradient Boosting,1.0,1.0,1.0,1.0,1.0,1.0,0.0
Random Forest (Tuned),1.0,1.0,1.0,1.0,1.0,1.0,0.0
Logistic Regression,0.9966769098835132,0.9624697336561744,1.0,0.9808760024676126,0.9999988535563133,0.9786150923573717,0.0009359202627934231
ExtraTrees,0.9879939969984992,0.8787430683918669,0.9966457023060796,0.9339882121807466,0.9998119996131569,0.9310759179906622,0.006703822404861277
